,text,0,1,2,3,4
0,"–õ–∏—Ç–µ—Ä–∞—Ç—É—Ä–Ω—ã–π –∫—Ä–∏—Ç–∏–∫ –ì–∞–ª–∏–Ω–∞ –Æ–∑–µ—Ñ–æ–≤–∏—á –æ –Ω–æ–≤–æ–º —Ä–æ–º–∞–Ω–µ –ø–µ—Ç–µ—Ä–±—É—Ä–∂—Ü–∞ –ê–ª–µ–∫—Å–∞–Ω–¥—Ä–∞ –ü–µ–ª–µ–≤–∏–Ω–∞ ¬´–ü–æ–∫—Ä–æ–≤-17¬ª: ¬´–ì–ª–∞–≤–Ω–æ–µ –¥–æ—Å—Ç–æ–∏–Ω—Å—Ç–≤–æ ""–ü–æ–∫—Ä–æ–≤–∞-17"" –≤—Å–µ –∂–µ —Å–æ—Å—Ç–æ–∏—Ç –≤ —Ç–æ–º, —á—Ç–æ –≤ –ø–µ—Ä–≤—É—é –æ—á–µ—Ä–µ–¥—å —ç—Ç–æ —Ö–æ—Ä–æ—à–æ –ø—Ä–∏–¥—É–º–∞–Ω–Ω–∞—è –∏ —É–º–µ–ª–æ –≤—ã—Å—Ç—Ä–æ–µ–Ω–Ω–∞—è –∫–Ω–∏–≥–∞, —á–∏—Ç–∞—Ç—å –∫–æ—Ç–æ—Ä—É—é –∑–∞—Ö–≤–∞—Ç—ã–≤–∞—é—â–µ –∏–Ω—Ç–µ—Ä–µ—Å–Ω–æ —Å —Å–∞–º–æ–≥–æ –Ω–∞—á–∞–ª–∞ –∏ –¥–æ —Å–∞–º–æ–≥–æ –∫–æ–Ω—Ü–∞¬ª.  https://mdza.io/WviVqe-1YNU",0.0,0.0,0.0,0.0,0.0
1,"–ì—Ä—É–ø–ø–∞ –¥–æ–±—Ä–æ–≤–æ–ª—å—Ü–µ–≤-–º–µ–¥–∏–∫–æ–≤ –∏–∑ –ß–µ—á–µ–Ω—Å–∫–æ–π –†–µ—Å–ø—É–±–ª–∏–∫–∏ –Ω–∞—Ä–∞–≤–Ω–µ —Å —Å–∏–ª–æ–≤–∏–∫–∞–º–∏ –≤–Ω–æ—Å–∏—Ç —Å–≤–æ—é –ª–µ–ø—Ç—É –≤ –Ω–∞—à–µ –æ–±—â–µ–µ –¥–µ–ª–æ - –æ—Å–≤–æ–±–æ–∂–¥–µ–Ω–∏–µ –£–∫—Ä–∞–∏–Ω—ã –∏ –î–æ–Ω–±–∞—Å—Å–∞ –æ—Ç –±–∞–Ω–¥–µ—Ä–æ–≤—Å–∫–∏—Ö –º—Ä–∞–∑–µ–π, –Ω–∞—Ü–∏–∫–æ–≤ –∏ –ø–æ–¥–ª—ã—Ö —à–∞–π—Ç–∞–Ω–æ–≤. ‚†Ä –í –ú–∞—Ä–∏—É–ø–æ–ª–µ –≤—Ä–∞—á–∏ –†–µ—Å–ø—É–±–ª–∏–∫–∞–Ω—Å–∫–æ–π —Å—Ç–∞–Ω—Ü–∏–∏ —Å–∫–æ—Ä–æ–π –º–µ–¥–∏—Ü–∏–Ω—Å–∫–æ–π –ø–æ–º–æ—â–∏ –∏ –†–µ—Å–ø—É–±–ª–∏–∫–∞–Ω—Å–∫–æ–≥–æ —Ü–µ–Ω—Ç—Ä–∞ –º–µ–¥–∏—Ü–∏–Ω—ã –∫–∞—Ç–∞—Å—Ç—Ä–æ—Ñ –∏–º–µ–Ω–∏ –ê—Ö–º–∞—Ç–∞ –ö–∞–¥—ã—Ä–æ–≤–∞ –æ–∫–∞–∑—ã–≤–∞—é—Ç –∫–≤–∞–ª–∏—Ñ–∏—Ü–∏—Ä–æ–≤–∞–Ω–Ω—É—é –º–µ–¥–ø–æ–º–æ—â—å –∫–∞–∫ —Ä–æ—Å—Å–∏–π—Å–∫–∏–º –≤–æ–µ–Ω–Ω–æ—Å–ª—É–∂–∞—â–∏–º, —Ç–∞–∫ –∏ –º–∏—Ä–Ω—ã–º –∂–∏—Ç–µ–ª—è–º.",1.0,1.0,1.0,1.0,1.0
2,"–í–°–£—à–Ω–∏–∫–∏, –ø–µ—Ä–µ—Ö–æ–¥–∏—Ç–µ –Ω–∞ —Å—Ç–æ—Ä–æ–Ω—É –¥–æ–±—Ä–∞, —É –Ω–∞—Å —Ç–µ–ø–ª–æ –∏ –≤–∫—É—Å–Ω—ã–µ –ø–µ—á–µ–Ω—å–∫–∏.",1.0,1.0,1.0,1.0,1.0
3,"–ù–∞—à–∏ —Ä–µ–±—è—Ç–∞ —Å—Ç–æ–ª–∫–Ω—É–ª–∏—Å—å —Å –ø–æ–ª–∫–æ–º ¬´–ê–∑–æ–≤¬ª –∏ –º–æ—Ä—Å–∫–æ–π –ø–µ—Ö–æ—Ç–æ–π –í–°–£, –∏ –≤–Ω–µ–∑–∞–ø–Ω–æ –¥–ª—è –º–µ–Ω—è –æ–∫–∞–∑–∞–ª–æ—Å—å, —á—Ç–æ –≤—Å—è —É–∫—Ä–∞–∏–Ω—Å–∫–∞—è –∞—Ä–º–∏—è –¥–µ–π—Å—Ç–≤–∏—Ç–µ–ª—å–Ω–æ –≥–æ—Ç–æ–≤–∞ –≤–æ–µ–≤–∞—Ç—å –∑–∞ ¬´–ë–∞–Ω–¥–µ—Ä–æ–≤—Å–∫–∏–µ —Ü–µ–Ω–Ω–æ—Å—Ç–∏¬ª.",1.0,1.0,1.0,1.0,1.0
4,–ù—É –∏ –∫–∏–Ω–æ—à–∫–∞ –Ω–∞ –Ω–æ—Ä–≤–µ–∂—Å–∫–æ–º https://m.youtube.com/watch?feature=youtu.be&v=ViVg7o3htaU,0.0,0.0,0.0,0.0,0.0
5,–ü—Ä–æ–≥—Ä–∞–º–º–∞ ¬´–∏–º–ø–æ—Ä—Ç–æ–∑–∞–º–µ—â–µ–Ω–∏—è –º–∏–∫—Ä–æ—Å—Ö–µ–º¬ª ‚Äî –±–ª–µ—Ñ? ¬† –ù–∞—á–Ω—ë–º —Å –∞–∫—Ç—É–∞–ª—å–Ω–æ–≥–æ –∫–∏–Ω–æ.,0.0,0.0,0.0,0.0,0.0
6,"–û–Ω–æ –ø—Ä–æ–≤–∞–ª–∏–ª–æ—Å—å, –Ω–æ —É–∫—Ä–æ–≤–æ—è–∫–∏ —Ö–≤–∞–ª–∏–ª–∏—Å—å —Ç–µ–º, —á—Ç–æ —è–∫–æ–±—ã –Ω–∞–Ω–µ—Å–ª–∏ –Ω–∞—à–∏–º ""—Å—É—â–µ—Å—Ç–≤–µ–Ω–Ω—ã–µ –ø–æ—Ç–µ—Ä–∏"" –∏ –∑–∞—Å—Ç–∞–≤–∏–ª–∏ ""–∑–∞–Ω—è—Ç—å –æ–±–æ—Ä–æ–Ω—É –Ω–∞ –Ω–µ–≤—ã–≥–æ–¥–Ω—ã—Ö –Ω–µ–¥–æ–æ–±–æ—Ä—É–¥–æ–≤–∞–Ω–Ω—ã—Ö —Ä—É–±–µ–∂–∞—Ö"".",1.0,1.0,1.0,1.0,1.0
7,"‚ö°Ô∏è–í–°–£ –Ω–∞–Ω–µ—Å–ª–∏ –∞—Ä—Ç–∏–ª–ª–µ—Ä–∏–π—Å–∫–∏–π —É–¥–∞—Ä –ø–æ –±–æ–ª—å–Ω–∏—Ü–µ –≤ –î–æ–Ω–µ—Ü–∫–µ, —Ä–∞–Ω–µ–Ω—ã —Ç—Ä–æ–µ –º–∏—Ä–Ω—ã—Ö –∂–∏—Ç–µ–ª–µ–π  –£–∫—Ä–∞–∏–Ω—Å–∫–∏–µ –±–æ–µ–≤–∏–∫–∏ –æ–±—Å—Ç—Ä–µ–ª—è–ª–∏ –†–µ—Å–ø—É–±–ª–∏–∫–∞–Ω—Å–∫—É—é –∫–ª–∏–Ω–∏—á–µ—Å–∫—É—é –ø—Å–∏—Ö–∏–∞—Ç—Ä–∏—á–µ—Å–∫—É—é –±–æ–ª—å–Ω–∏—Ü—É –ø–æ —É–ª.",1.0,1.0,1.0,1.0,1.0
8,"–í–æ–π–Ω–∞ –¥–æ –ø–æ—Å–ª–µ–¥–Ω–µ–≥–æ —É–∫—Ä–∞–∏–Ω—Ü–∞ ‚Äì —ç—Ç–æ –≤–æ–≤—Å–µ –Ω–µ –≤—ã–¥—É–º–∫–∏ –†–æ—Å—Å–∏–∏, —ç—Ç–æ —Ç–∞ –ø—Ä–∞–≤–¥–∞, —Å–∫—Ä—ã–≤–∞—Ç—å –∫–æ—Ç–æ—Ä—É—é –Ω–µ —Å—á–∏—Ç–∞—é—Ç –Ω—É–∂–Ω—ã–º –¥–∞–∂–µ —Ö–æ–∑—è–µ–≤–∞ –±–∞–Ω–¥–µ—Ä–æ–≤—Ü–µ–≤.",1.0,1.0,1.0,1.0,1.0
9,"–ü—Ä–∏–º–µ–Ω–µ–Ω–∏–µ –ö–æ–ª–ª–µ–∫—Ç–∏–≤–Ω—ã—Ö —Å–∏–ª –û—Ä–≥–∞–Ω–∏–∑–∞—Ü–∏–∏ –î–æ–≥–æ–≤–æ—Ä–∞ –æ –∫–æ–ª–ª–µ–∫—Ç–∏–≤–Ω–æ–π –±–µ–∑–æ–ø–∞—Å–Ω–æ—Å—Ç–∏ –Ω–∞ –£–∫—Ä–∞–∏–Ω–µ –Ω–µ —Ä–∞—Å—Å–º–∞—Ç—Ä–∏–≤–∞–µ—Ç—Å—è, –∑–∞—è–≤–∏–ª –∑–∞–º–µ—Å—Ç–∏—Ç–µ–ª—å –≥–µ–Ω–µ—Ä–∞–ª—å–Ω–æ–≥–æ —Å–µ–∫—Ä–µ—Ç–∞—Ä—è –û–î–ö–ë –í–∞–ª–µ—Ä–∏–π –°–µ–º–µ—Ä–∏–∫–æ–≤.",0.0,0.0,0.0,0.0,0.0
10,"–ü–∞—Å—Å–∞–∂–∏—Ä—Å–∫–∏–π —Å–∞–º–æ–ª—ë—Ç –ò–ª-62–ú –ú–∏–Ω–æ–±–æ—Ä–æ–Ω—ã –†–æ—Å—Å–∏–∏ –∏–∑ —Å–æ—Å—Ç–∞–≤–∞ –≥—Ä—É–ø–ø—ã –æ–±–µ—Å–ø–µ—á–µ–Ω–∏—è –≤–∏–∑–∏—Ç–∞ –¢—É-160 –≤ –Æ–ê–† –ø–æ–∫–∏–Ω—É–ª –∞–≤–∏–∞–±–∞–∑—É ""–£–æ—Ç–µ—Ä–∫–ª—É—Ñ"".",0.0,-1.0,0.0,-1.0,0.0
11,–ë–µ—Ä–≥–º–∞–Ω –∏ —Ö–æ—Ö–æ–ª –≤ –∫–æ–º–º–µ–Ω—Ç–∞—Ä–∏—è—Ö   @rosich_ru,1.0,-1.0,1.0,-1.0,1.0
12,–ñ–∏—Ç–µ–ª–∏ –•–∞—Ä—å–∫–æ–≤–∞ –ø–∏—à—É—Ç –≤ —Å–æ—Ü—Å–µ—Ç—è—Ö –æ –º–∞—Å—Å–∏—Ä–æ–≤–∞–Ω–Ω—ã—Ö –æ–±—Å—Ç—Ä–µ–ª–∞—Ö –≤–æ–µ–Ω–Ω—ã—Ö –æ–±—ä–µ–∫—Ç–æ–≤ –≤ –≥–æ—Ä–æ–¥–µ –∏ –æ–∫—Ä–µ—Å—Ç–Ω–æ—Å—Ç—è—Ö.  ‚ñ´Ô∏è–ò–∑—é–º—Å–∫–æ-–°–ª–∞–≤—è–Ω—Å–∫–∏–π —Ñ—Ä–æ–Ω—Ç –í–°–£—à–Ω–∏–∫–∏ –ø—Ä–æ–¥–æ–ª–∂–∞—é—Ç –æ–±—Å—Ç—Ä–µ–ª–∏–≤–∞—Ç—å –ë–∞–ª–∞–∫–ª–µ—é –∏ –ø—ã—Ç–∞—Ç—å—Å—è –ø—Ä–æ–ª–µ–∑—Ç—å –∑–∞ –º–µ–ª–µ—é—â–∏–π –°–µ–≤–µ—Ä—Å–∫–∏–π –î–æ–Ω–µ—Ü ‚Äî –Ω–∞—à–∏ –Ω–µ –¥—Ä–µ–º–ª—é—Ç –∏ –ø—Ä–µ—Å–µ–∫–∞—é—Ç.,1.0,-1.0,1.0,-1.0,1.0
13,–•–æ—Ö–ª—ã —É–¥–∞—Ä–∏–ª–∏ –ø–æ –∞—ç—Ä–æ–¥—Ä–æ–º—É –î–∂–∞–Ω–∫–æ–π.,1.0,-1.0,1.0,-1.0,1.0
14,–ú–Ω–µ –∫–∞–∂–µ—Ç—Å—è —Ö–æ—Ö–ª–æ–≤—ã–±–ª—è–¥–∫–æ–≤ –±—É–¥–µ—Ç –∂–¥–∞—Ç—å —Ç–µ–ø–ª–æ–µ —É—Ç—Ä–æ.,1.0,-1.0,1.0,-1.0,1.0
15,üá∫üá¶ –ú–∞—Å—Å–æ–≤—ã—Ö –º–µ—Ä–æ–ø—Ä–∏—è—Ç–∏–π –∫ 75-–ª–µ—Ç–∏—é –ü–æ–±–µ–¥—ã –Ω–∞ –£–∫—Ä–∞–∏–Ω–µ –Ω–µ –±—É–¥–µ—Ç ‚Äì –ø—Ä–µ–º—å–µ—Ä –î–µ–Ω–∏—Å –®–º—ã–≥–∞–ª—å.,0.0,1.0,0.0,0.0,0.0
16,–ó–∞–º–Ω–∞—á–∞–ª—å–Ω–∏–∫–∞ –ö—É–π–±—ã—à–µ–≤—Å–∫–æ–π –∂–µ–ª–µ–∑–Ω–æ–π –¥–æ—Ä–æ–≥–∏ –î–º–∏—Ç—Ä–∏–π –ê—Ç—è–∫–∏–Ω –∏ –µ—â–µ –¥–≤–∞ —á–µ–ª–æ–≤–µ–∫–∞ –∑–∞–ø–æ–¥–æ–∑—Ä–µ–Ω—ã –≤ –ø–æ–ª—É—á–µ–Ω–∏–∏ –æ—Å–æ–±–æ –∫—Ä—É–ø–Ω–æ–π –≤–∑—è—Ç–∫–∏.,0.0,0.0,0.0,0.0,0.0
17,–õ–∞–Ω—Ü–µ—Ç –Ω–∞–≥–ª—É—Ö–æ –æ—Ç–º–µ–Ω–∏–ª –í–°–£–∫–∞–º —Å–≤—è–∑—å –Ω–∞ —ç—Ç–æ–º —É—á–∞—Å—Ç–∫–µ.,0.0,1.0,1.0,0.0,0.0
18,"–í—ã, —Å–∫–æ—Ä–µ–µ –≤—Å–µ–≥–æ, –Ω–∞–ø–∏—à–µ—Ç–µ ""–æ–ø—è—Ç—å"", –Ω–æ, –ø–æ –¥–∞–Ω–Ω—ã–º –Ω–∞—à–µ–≥–æ –∏—Å—Ç–æ—á–Ω–∏–∫–∞, —É–ø–∞–≤—à–∞—è —Å –º–æ—Å–∫–æ–≤—Å–∫–æ–π –º–Ω–æ–≥–æ—ç—Ç–∞–∂–∫–∏ —à–∫–æ–ª—å–Ω–∏—Ü–∞ —É–≤–ª–µ–∫–∞–ª–∞—Å—å –∞–Ω–∏–º–µ.",0.0,0.0,0.0,0.0,0.0
19,"–°–∏–ª—ã –õ–ù–† –ø—Ä–∏ –æ–≥–Ω–µ–≤–æ–π –ø–æ–¥–¥–µ—Ä–∂–∫–µ —Ä–æ—Å—Å–∏–π—Å–∫–∏—Ö —Å–∏–ª –≤—ã—à–ª–∏ –Ω–∞ —Ä—É–±–µ–∂ –ë–æ–≥—É—Å–ª–∞–≤–∫–∞ ‚Äì –¢–µ–ª—å–º–∞—Ö–æ–≤–∫–∞ ‚Äì –ö–∞–ª–∏–Ω–æ–≤–∫–∞.  ‚Äî –†–æ—Å—Å–∏–π—Å–∫–∏–µ —Å–∏–ª—ã –∑–∞ –ø—Ä–æ—à–µ–¥—à–∏–µ —Å—É—Ç–∫–∏ –≤–∑—è–ª–∏ –ø–æ–¥ –∫–æ–Ω—Ç—Ä–æ–ª—å –Ω–∞—Å–µ–ª—ë–Ω–Ω—ã–µ –ø—É–Ω–∫—Ç—ã –ü—Ä–∏–æ–±—Ä–∞–∂–µ–Ω–∫–∞, –ö–æ–º—Å–æ–º–æ–ª—å—Å–∫–æ–µ, –ó–∞–≥–æ—Ä–Ω–æ–µ, –î–æ—Ä–æ–∂–Ω—è–Ω–∫–∞, –†–µ—à–µ—Ç–∏–ª–æ–≤—Å–∫–æ–µ, –ö–æ–Ω—Å—Ç–∞–Ω—Ç–∏–Ω–æ–≤–∫–∞, –®–µ–≤—á–µ–Ω–∫–æ, –ß—É–±–∞—Ä–µ–≤–∫–∞, –ü—Ä–æ–ª–µ—Ç–∞—Ä—Å–∫–æ–µ –∏ –õ—é–±–∏–º–æ–≤–∫–∞.  ‚Äî –£–¥–∞—Ä–æ–º –≤—ã—Å–æ–∫–æ—Ç–æ—á–Ω–æ–≥–æ –æ—Ä—É–∂–∏—è –±–æ–ª—å—à–æ–π –¥–∞–ª—å–Ω–æ—Å—Ç–∏ —É–Ω–∏—á—Ç–æ–∂–µ–Ω —Å–∫–ª–∞–¥ –±–æ–µ–ø—Ä–∏–ø–∞—Å–æ–≤ –≤ –≤–æ–∏–Ω—Å–∫–æ–π —á–∞—Å—Ç–∏ –≤ –ñ–∏—Ç–æ–º–∏—Ä–µ, –≥–¥–µ —Ö—Ä–∞–Ω–∏–ª–∏—Å—å Javelin –∏ NLAW.  ‚Äî C–∂–∏–º–∞–µ—Ç—Å—è –∫–æ–ª—å—Ü–æ –æ–∫—Ä—É–∂–µ–Ω–∏—è –≤–æ–∫—Ä—É–≥ –ú–∞—Ä–∏—É–ø–æ–ª—è.",1.0,1.0,1.0,1.0,1.0
20,–ú–æ–π –∑–æ–ª–æ—Ç–æ–π;),0.0,0.0,0.0,-1.0,-1.0
21,"–£–∫—Ä–æ–Ω–∞—Ü–∏–∫–∏ –∑–∞—á–∏—â–µ–Ω—ã –ø–æ–ª–Ω–æ—Å—Ç—å—é, —Ç–µ–ø–µ—Ä—å –º–µ—Å—Ç–Ω—ã–µ –∂–∏—Ç–µ–ª–∏ –º–æ–≥—É—Ç –≤—ã–¥–æ—Ö–Ω—É—Ç—å.  @opersvodki",1.0,1.0,1.0,-1.0,-1.0
22,–ß–∏—Å–ª–æ –ø–æ–≥–∏–±—à–∏—Ö –æ—Ç –∫–æ—Ä–æ–Ω–∞–≤–∏—Ä—É—Å–∞ –≤–æ –≤—Å–µ–º –º–∏—Ä–µ –ø—Ä–µ–≤—ã—Å–∏–ª–æ 250 000.,0.0,0.0,0.0,-1.0,-1.0
23,"""–í–æ—Ç —É—á–∏—Ç–µ—Å—å, —Ö–æ—Ö–ª—ã, –Ω–µ –±–∞–±–∫–∏ –æ—Ç–º—ã–≤–∞—Ç—å, –∞ —Å—Ç—Ä–æ–∏—Ç—å! <...> –í–æ—Ç —ç—Ç–æ –∫–∞—Ü–∞–ø—ã –∫—Ä–∞—Å–∞–≤—Ü—ã!""   –¢–∞–∫ –æ—á–µ–Ω—å –Ω–µ–ø–æ—Å—Ä–µ–¥—Å—Ç–≤–µ–Ω–Ω—ã–π –∂–∏—Ç–µ–ª—å –ú–∞—Ä–∏—É–ø–æ–ª—è –≤–æ—Å—Ç–æ—Ä–≥–∞–ª—Å—è –Ω–æ–≤—ã–º –∑–¥–∞–Ω–∏–µ–º –ú–∞—Ä–∏—É–ø–æ–ª—å—Å–∫–æ–π –±–æ–ª—å–Ω–∏—Ü—ã, –∫–æ—Ç–æ—Ä—É—é —Ä—É—Å—Å–∫–∏–µ –ø–æ—Å—Ç—Ä–æ–∏–ª–∏ –∑–∞ 3 –º–µ—Å—è—Ü–∞.",1.0,1.0,1.0,-1.0,-1.0
24,‚≠ïÔ∏è–ê—Ä–º–µ–Ω –ì–∞—Å–ø–∞—Ä—è–Ω –≤ —Ä—É–±—Ä–∏–∫–µ ¬´–í—Ä–µ–º—è –ì–æ–ª–æ–≤–∞–Ω–æ–≤–∞¬ª  Bild –æ–±–≤–∏–Ω—è–µ—Ç –Ω–µ–º–µ—Ü–∫—É—é —Ä–µ–¥–∞–∫—Ü–∏—é RT –≤ —à–ø–∏–æ–Ω–∞–∂–µ –∑–∞ –ù–∞–≤–∞–ª—å–Ω—ã–º.,0.0,0.0,0.0,-1.0,-1.0
25,–ü–æ–¥–∞—Ä–∫–∏ –æ—Ç –ø–æ–¥–ø–∏—Å—á–∏–∫–æ–≤ –ª–µ—Ç—è—Ç –ø–æ –ø–æ–∑–∏—Ü–∏—è–º –í–°–£–∫.,-1.0,-1.0,-1.0,-1.0,-1.0
26,"–ï—â–µ —Ä—è–¥ –∑–∞—è–≤–ª–µ–Ω–∏–π –í–ª–∞–¥–∏–º–∏—Ä–∞ –ü—É—Ç–∏–Ω–∞ –Ω–∞ –ü–ú–≠–§:    üîª–ü—É—Ç–∏–Ω –ø–æ—Ä—É—á–∏–ª –∑–∞–ø—É—Å—Ç–∏—Ç—å –∫–æ–º–ø–ª–µ–∫—Å–Ω—É—é –ø—Ä–æ–≥—Ä–∞–º–º—É –º–æ–¥–µ—Ä–Ω–∏–∑–∞—Ü–∏–∏ –∫–æ–º–ø–ª–µ–∫—Å–∞ –ñ–ö–•  üîª–ü—Ä–µ–∑–∏–¥–µ–Ω—Ç –ø—Ä–µ–¥–ª–æ–∂–∏–ª –Ω–∞—Ä–∞—Å—Ç–∏—Ç—å –æ–±—ä–µ–º —Ä–µ—Å—É—Ä—Å–æ–≤ –Ω–∞ 10 –º–ª—Ä–¥ —Ä—É–±–ª–µ–π –µ–∂–µ–≥–æ–¥–Ω–æ –≤ 2023-2024 –≥–æ–¥–∞—Ö –Ω–∞ –ø—Ä–æ–≥—Ä–∞–º–º—É –∫–æ–º—Ñ–æ—Ä—Ç–Ω–æ–π –≥–æ—Ä–æ–¥—Å–∫–æ–π —Å—Ä–µ–¥—ã.  üîª–ü—É—Ç–∏–Ω –ø–æ—Ä—É—á–∏–ª –Ω–∞–ø—Ä–∞–≤–∏—Ç—å —á–∞—Å—Ç—å –ø—Ä–æ–¥–æ–≤–æ–ª—å—Å—Ç–≤–µ–Ω–Ω—ã—Ö —ç–∫—Å–ø–æ—Ä—Ç–Ω—ã—Ö –ø–æ—à–ª–∏–Ω –Ω–∞ –ø–æ–≤—ã—à–µ–Ω–∏–µ —É—Ä–æ–≤–Ω—è –∂–∏–∑–Ω–∏ –≤ —Å–µ–ª–µ  üîª–ë–∞–π–∫–∞–ª –¥–æ–ª–∂–µ–Ω —Å—Ç–∞—Ç—å –≤–∏–∑–∏—Ç–Ω–æ–π –∫–∞—Ä—Ç–æ—á–∫–æ–π –≤–Ω—É—Ç—Ä–µ–Ω–Ω–µ–≥–æ —Ç—É—Ä–∏–∑–º  üîª–í—Å–µ —Å—Ñ–µ—Ä—ã –∂–∏–∑–Ω–∏ –≤ –†–§ –¥–æ–ª–∂–Ω—ã –±—ã—Ç—å –≤—ã—Å—Ç—Ä–æ–µ–Ω—ã –Ω–∞ –∫–∞—á–µ—Å—Ç–≤–µ–Ω–Ω–æ –Ω–æ–≤–æ–º —Ç–µ—Ö–Ω–æ–ª–æ–≥–∏—á–µ—Å–∫–æ–º —É—Ä–æ–≤–Ω–µ —Å –∏—Å–ø–æ–ª—å–∑–æ–≤–∞–Ω–∏–µ–º —Å–æ–±—Å—Ç–≤–µ–Ω–Ω—ã—Ö —Ä–µ—à–µ–Ω–∏–π  üîª–ü—É—Ç–∏–Ω –ø–æ—Ä—É—á–∏–ª –≤—ã–¥–µ–ª–∏—Ç—å —Å—Ä–µ–¥—Å—Ç–≤–∞ –Ω–∞ —Ä–∞–∑–≤–∏—Ç–∏–µ –≥–æ—Ä–æ–¥–æ–≤ –î–∞–ª—å–Ω–µ–≥–æ –í–æ—Å—Ç–æ–∫–∞  üîª–ë–ª–∞–≥–æ–¥–∞—Ä—è —Ç–µ—Ö–Ω–æ–ª–æ–≥–∏—è–º –†–§ –æ–±–ª–∞–¥–∞–µ—Ç –≥–∏–ø–µ—Ä–∑–≤—É–∫–æ–≤—ã–º –æ—Ä—É–∂–∏–µ–º, –∞–Ω–∞–ª–æ–≥–æ–≤ –∫–æ—Ç–æ—Ä–æ–º—É –¥–æ —Å–∏—Ö –ø–æ—Ä –Ω–µ—Ç –≤ –º–∏—Ä–µ  üîª–ü—Ä–æ–∏–∑–≤–æ–¥–∏—Ç—å –≤—Å–µ –∏ –≤—Å—è –Ω–µ–≤–æ–∑–º–æ–∂–Ω–æ –∏ –Ω–µ –Ω—É–∂–Ω–æ, –Ω–æ –†–æ—Å—Å–∏—è –¥–æ–ª–∂–Ω–∞ –æ–±–ª–∞–¥–∞—Ç—å –∫—Ä–∏—Ç–∏—á–µ—Å–∫–∏ –≤–∞–∂–Ω—ã–º–∏ —Ç–µ—Ö–Ω–æ–ª–æ–≥–∏—è–º–∏  üîª–ü—É—Ç–∏–Ω –ø—Ä–µ–¥–ª–æ–∂–∏–ª –∑–∞–ø—É—Å—Ç–∏—Ç—å –ø—Ä–æ–º—ã—à–ª–µ–Ω–Ω—É—é –∏–ø–æ—Ç–µ–∫—É –ø–æ–¥ 5% –≥–æ–¥–æ–≤—ã—Ö, –ø—Ä–∞–≤–æ –Ω–∞ –Ω–µ–µ –ø–æ–ª—É—á–∞—Ç –ø—Ä–µ–¥–ø—Ä–∏—è—Ç–∏—è, –≥–æ—Ç–æ–≤—ã–µ –ø–æ—Å—Ç—Ä–æ–∏—Ç—å –Ω–æ–≤—ã–µ –ø—Ä–æ–∏–∑–≤–æ–¥—Å—Ç–≤–∞  –ü–æ–¥–ø–∏—Å–∞—Ç—å—Å—è –Ω–∞ @truekpru",-1.0,-1.0,-1.0,-1.0,-1.0
27,–ü—Ä–µ—Å—Å-–∫–æ–Ω—Ñ–µ—Ä–µ–Ω—Ü–∏—é –ü—É—Ç–∏–Ω–∞ –≤ –ø—Ä—è–º–æ–º —ç—Ñ–∏—Ä–µ —Å–º–æ—Ç—Ä–µ–ª–∏ –±–æ–ª–µ–µ 6 –º–ª–Ω —Ä–æ—Å—Å–∏—è–Ω - Mediascope,-1.0,-1.0,-1.0,-1.0,-1.0
28,"üçæüè¢ü§¶üèª‚Äç‚ôÇÔ∏è–í —Ç–µ–ª–µ–≥—Ä–∞–º-–∫–∞–Ω–∞–ª–∞—Ö –ø–æ –ø–æ–≤–æ–¥—É –∏—Å—á–µ–∑–Ω–æ–≤–µ–Ω–∏—è –ú–µ–¥–≤–µ–¥–µ–≤–∞ —Ö–æ–¥–∏–ª–∏ —Ä–∞–∑–Ω—ã–µ —Å–ª—É—Ö–∏: –ø–æ–ª—É—á–∏–ª —Å–ø–æ—Ä—Ç–∏–≤–Ω—É—é —Ç—Ä–∞–≤–º—É, –æ—Ç—Ö–æ–¥–∏—Ç –æ—Ç –æ–ø–µ—Ä–∞—Ü–∏–∏, –∞ –º–æ–∂–µ—Ç –∏ –ø—Ä–æ—Å—Ç–æ –æ—Ç–¥—ã—Ö–∞–µ—Ç –≤ –ü–ª–µ—Å–µ —Å —É—Ç–æ—á–∫–∞–º–∏...",-1.0,-1.0,-1.0,-1.0,-1.0
29,"–ù—É, –≤–æ-–ø–µ—Ä–≤—ã—Ö —Å–ø–∞—Å–∏–±–æ –∑–∞ —É—Å—Ç–∞–Ω–æ–≤–æ—á–Ω—ã–µ –¥–∞–Ω–Ω—ã–µ, –∞ –≤–æ –≤—Ç–æ—Ä—ã—Ö, —Ö–ª–æ–ø—Ü—ã —ç—Ç–æ –Ω–æ–≤—ã–π –±–∏–∑–Ω–µ—Å?   –ï.–ü–æ–¥–¥—É–±–Ω—ã–π",-1.0,-1.0,-1.0,-1.0,-1.0
30,"–ü–æ—á–µ–º—É ""–†–æ—Å–Ω–∞–Ω–æ"" —Å—Ç–∞–ª–æ —á–µ—Ä–Ω–æ–π –¥—ã—Ä–æ–π –≤ —Ä–æ—Å—Å–∏–π—Å–∫–æ–º –±—é–¥–∂–µ—Ç–µ –∏ —á—Ç–æ –Ω–µ —Ç–∞–∫ —Å –Ω–∞—à–∏–º –≥–æ—Å–∫–∞–ø–∏—Ç–∞–ª–∏–∑–º–æ–º  –ò—Å—Ç–æ—Ä–∏—è —Å –ß—É–±–∞–π—Å–æ–º –∑–∞—Å—Ç–∞–≤–ª—è–µ—Ç –∑–∞–¥—É–º–∞—Ç—å—Å—è, –≤—Å–µ –ª–∏ –ø—Ä–∞–≤–∏–ª—å–Ω–æ –≤ –æ–±–ª–∞—Å—Ç–∏ –∏–Ω–Ω–æ–≤–∞—Ü–∏–π –∏ –≤ —É–ø—Ä–∞–≤–ª–µ–Ω–∏–∏ —Ä–æ—Å—Å–∏–π—Å–∫–∏–º–∏ –≥–æ—Å–∫–æ–º–ø–∞–Ω–∏—è–º–∏.",0.0,0.0,0.0,0.0,0.0
31,"‚ö°Ô∏è–í –ë–æ–ª–≥–∞—Ä–∏–∏ –Ω–µ –∏—Å–∫–ª—é—á–∏–ª–∏, —á—Ç–æ –≤–æ–∑–æ–±–Ω–æ–≤—è—Ç –∑–∞–∫—É–ø–∫–∏ –≥–∞–∑–∞ —É –†–æ—Å—Å–∏–∏.",0.0,0.0,0.0,0.0,0.0
32,"–í —á–µ—Ç—ã—Ä–µ—Ö —Ä–µ–≥–∏–æ–Ω–∞—Ö –†–æ—Å—Å–∏–∏ —Å –Ω–æ—è–±—Ä—è –∑–∞—Ä–∞–±–æ—Ç–∞–µ—Ç –º–æ–±–∏–ª—å–Ω–æ–µ –ø—Ä–∏–ª–æ–∂–µ–Ω–∏–µ, —Å –ø–æ–º–æ—â—å—é –∫–æ—Ç–æ—Ä–æ–≥–æ –∞–≤—Ç–æ–º–æ–±–∏–ª–∏—Å—Ç—ã —Å–º–æ–≥—É—Ç –æ—Ñ–æ—Ä–º–∏—Ç—å –î–¢–ü –ø–æ –µ–≤—Ä–æ–ø—Ä–æ—Ç–æ–∫–æ–ª—É.",0.0,0.0,0.0,0.0,0.0
33,"–£–∫—Ä–æ-–±–∞–Ω–¥–µ—Ä–∏–∑–∞—Ü–∏—è - —ç—Ç–æ —É–∂–µ –¥–∏–∞–≥–Ω–æ–∑, –∫–æ—Ç–æ—Ä—ã–π –ø—Ä–∏–¥—ë—Ç—Å—è –ª–µ—á–∏—Ç—å –º–Ω–æ–≥–æ –ª–µ—Ç, –∫–æ–≥–¥–∞ –º—ã –æ—Å–≤–æ–±–æ–¥–∏–º –ú–∞–ª–æ—Ä–æ—Å—Å–∏—é –∏ –ù–æ–≤–æ—Ä–æ—Å—Å–∏—é.",1.0,1.0,1.0,1.0,1.0
34,‚ùóÔ∏è‚ùóÔ∏è‚ùóÔ∏è –ò–ª—å—é –ê–∑–∞—Ä–∞ –∏ –ï–ª–∏–∑–∞–≤–µ—Ç—É –ù–µ—Å—Ç–µ—Ä–æ–≤—É –∏–∑ –û–í–î ¬´–§–∏–ª–∏-–î–∞–≤—ã–¥–∫–æ–≤–æ¬ª –≤—Å—ë-—Ç–∞–∫–∏ –æ—Ç–ø—É—Å—Ç–∏–ª–∏.,0.0,0.0,0.0,0.0,0.0
35,üéÑ31 –¥–µ–∫–∞–±—Ä—è –∏ 1 —è–Ω–≤–∞—Ä—è –æ—Ç–º–µ—á–∞–µ–º Blank New Year.,0.0,0.0,0.0,0.0,-1.0
36,–£ –Ω–∏—Ö –≤—ã–±–æ—Ä —Ç–æ–ª—å–∫–æ –æ–¥–∏–Ω - —Å–¥–∞—Ç—å—Å—è –≤ –ø–ª–µ–Ω –∏–ª–∏ –æ—Ç–ø—Ä–∞–≤–∏—Ç—å—Å—è –∫ –ë–∞–Ω–¥–µ—Ä–µ.,1.0,1.0,1.0,1.0,-1.0
37,"–£—á–∞—Å—Ç–Ω–∏–∫–∏ –±–µ—Å–ø–æ—Ä—è–¥–∫–æ–≤, –∫–æ—Ç–æ—Ä—ã–µ –ø—Ä–æ–∏–∑–æ—à–ª–∏ –≤ –í–∞—à–∏–Ω–≥—Ç–æ–Ω–µ 6 —è–Ω–≤–∞—Ä—è, –Ω–∞–º–µ—Ä–µ–≤–∞–ª–∏—Å—å ""—Å—Ö–≤–∞—Ç–∏—Ç—å –∏ —É–±–∏—Ç—å –≤—ã–±–æ—Ä–Ω—ã—Ö –¥–æ–ª–∂–Ω–æ—Å—Ç–Ω—ã—Ö –ª–∏—Ü"".",1.0,1.0,1.0,1.0,-1.0
38,"–ò –≤–æ—Ç —Ç–µ–ø–µ—Ä—å –±—ã–≤—à–∏–π –º–∏–Ω–∏—Å—Ç—Ä, –∫–æ—Ç–æ—Ä—ã–π –ø–æ–¥–Ω—è–ª—Å—è –±–ª–∞–≥–æ–¥–∞—Ä—è –ß—É–±–∞–π—Å—É, –æ—Ç–ø—Ä–∞–≤–ª—è–µ—Ç—Å—è –≤ –°–ò–ó–û. –ù–µ–æ–∂–∏–¥–∞–Ω–Ω—ã–π –∞—Ä–µ—Å—Ç, –¥–æ —ç—Ç–æ–≥–æ –ª—é–¥–µ–π –ß—É–±–∞–π—Å–∞ —Ç–æ–∂–µ –±—Ä–∞–ª–∏, –Ω–æ –µ–º—É —É–¥–∞–≤–∞–ª–æ—Å—å –∏—Ö –æ—Ç–±–∏–≤–∞—Ç—å.",0.0,0.0,0.0,0.0,-1.0
39,–ê–±—ã–∑–æ–≤ –ø–æ–∫–∏–Ω—É–ª –†–æ—Å—Å–∏—é –≤ –∫–æ–Ω—Ü–µ –ø—Ä–æ—à–ª–æ–≥–æ –≥–æ–¥–∞ –∏ –ø–æ—á–µ–º—É-—Ç–æ –≤–µ—Ä–Ω—É–ª—Å—è –ø–æ—Å–ª–µ –≤—Å—Ç—Ä–µ—á–∏ –ß—É–±–∞–π—Å–∞ —Å –ü—Ä–µ–∑–∏–¥–µ–Ω—Ç–æ–º –ü—É—Ç–∏–Ω—ã–º. 5.,0.0,0.0,0.0,0.0,-1.0
40,"–ì–ª–µ–± –ö–æ—Ä–Ω–∏–ª–æ–≤ –∏ –µ–≥–æ –º–æ–ø—Å –ø–æ –∫–ª–∏—á–∫–µ –ß—É–±–∞—Å—è –∑–∞–≤–æ–µ–≤–∞–ª–∏ —Å–µ—Ä–¥—Ü–∞ –Ω–µ —Ç–æ–ª—å–∫–æ —Ä–æ—Å—Å–∏–π—Å–∫–∏—Ö –ø–æ–ª—å–∑–æ–≤–∞—Ç–µ–ª–µ–π Instagram –∏ TikTok, –Ω–æ –∏ –∏–Ω–æ—Å—Ç—Ä–∞–Ω–Ω—ã—Ö.",0.0,0.0,0.0,0.0,0.0
41,"–£ —Ö–æ—Ö–ª–æ–≤ –Ω–µ—Ç —Å–≤–æ–∏—Ö –≥–µ—Ä–æ–µ–≤, –ø–æ—ç—Ç–æ–º—É –∏—Ö –ø—Ä–∏—Ö–æ–¥–∏—Ç—Å—è ¬´–≤–æ—Ä–æ–≤–∞—Ç—å¬ª —É –Ω–∞—Å.",1.0,1.0,1.0,1.0,1.0
42,"–û–Ω-—Ç–æ –ø—Ä–∞–≤–¥—É –æ –ë–∞–Ω–¥–µ—Ä–µ —Å —Ç—Ä—É–¥–æ–º –ø–µ—Ä–µ–Ω–µ—Å, –Ω–∞–≤–µ—Ä–Ω–æ–µ –µ—â–µ –∏ –∫ –ø—Å–∏—Ö–æ–ª–æ–≥—É –ø–æ–π–¥–µ—Ç, —Å–Ω–∏–º–∞—Ç—å —Å—Ç—Ä–µ—Å—Å.",1.0,1.0,1.0,1.0,1.0
43,"–ú–∞—ç—Å—Ç—Ä–æ –∏–∑ –•–∞–±–∞—Ä–æ–≤—Å–∫–∞ –ø—Ä–∏—Å–ª–∞–ª –≤ –±–æ—Ç –∫–∞–Ω–∞–ª–∞ —Å–≤–æ–π –ø—Ä–∏–≤–µ—Ç –Ω–∞—à–∏–º –±—Ä–∞—Ç—å—è–º, —É–Ω–∏—á—Ç–æ–∂–∞—é—â–∏—Ö —É–∫—Ä–æ –Ω–∞—Ü–∏–∫–æ–≤ –≤–Ω–∞ –£–∫—Ä–∞–∏–Ω–µ!",1.0,1.0,1.0,1.0,1.0
44,"–ü—Ä–∏—Å–ª–∞–ª –ø–æ–¥–ø–∏—Å—á–∏–∫ –∏–∑ –Ω–µ–±–æ–ª—å—à–æ–≥–æ –ø–æ–ª—å—Å–∫–æ–≥–æ –≥–æ—Ä–æ–¥–∫–∞, —Ç–∞–º –ø—å—è–Ω—ã–µ —Ö–æ—Ö–ª—ã –≥–æ–Ω—è—é—Ç –ø–æ–ª—è–∫–æ–≤.",1.0,1.0,1.0,1.0,1.0
45,"–≠–ª–ª–∞ –ü–∞–º—Ñ–∏–ª–æ–≤–∞ —Å–æ–æ–±—â–∏–ª–∞, —á—Ç–æ –µ—Å–ª–∏ —É ""–ì–æ–ª–æ—Å–∞"" –µ—Å—Ç—å –¥–æ–∫—É–º–µ–Ω—Ç—ã –ø–æ –Ω–µ–¥–æ–±—Ä–æ—Å–æ–≤–µ—Å—Ç–Ω—ã–º –ø–∞—Ä—Ç–∏—è–º –∏–ª–∏ –∫–∞–Ω–¥–∏–¥–∞—Ç–∞–º (–≤—á–µ—Ä–∞—à–Ω–∏–π –¥–æ–∫–ª–∞–¥ –ø—Ä–æ –ø–æ–ª–∏—Ç–∫–æ–Ω—Å—É–ª—å—Ç–∞–Ω—Ç–æ–≤), —Ç–æ —Å —ç—Ç–∏–º –Ω–∞–¥–æ –∏–¥—Ç–∏ –≤ —Å–ª–µ–¥—Å—Ç–≤–µ–Ω–Ω—ã–µ –æ—Ä–≥–∞–Ω—ã",0.0,0.0,0.0,0.0,0.0
46,"–ì–æ–≤–æ—Ä—è—Ç, —á—Ç–æ —ç—Ç–æ –±—ã–ª–æ –≤–∞–∂–Ω—ã–º –¥–æ–≥–æ–≤–æ—Ä–Ω—è–∫–æ–º –º–µ–∂–¥—É –ö—É–ª–∏–∫–æ–≤—ã–º (–Ω—ã–Ω–µ—à–Ω–∏–π —Ä—É–∫–æ–≤–æ–¥–∏—Ç–µ–ª—å –†–û–°–ù–ê–ù–û) –∏ –ß—É–±–∞–π—Å–æ–º –ø—Ä–∏ –æ–¥–æ–±—Ä–µ–Ω–∏–∏ –®—É–≤–∞–ª–æ–≤–∞.",0.0,0.0,0.0,0.0,0.0
47,"‚Äã‚Äã–ù–∞–±–ª—é–¥–∞—é, –∫–∞–∫–æ–π –≤–æ—Å—Ç–æ—Ä–≥ –≤—ã–∑–≤–∞–ª —É —É–∫—Ä–æ–Ω–∞—Ü–∏ —Ä–∞–∑–º–µ—â–µ–Ω–Ω—ã–π –Ω–∞ —Å–∞–π—Ç–µ ""–ù–æ–≤–æ–π –ü–æ—á—Ç—ã"" (—Ç–∞–∫–æ–π —Å–µ—Ä–≤–∏—Å –¥–æ—Å—Ç–∞–≤–∫–∏ —Ç–∏–ø–∞ —Ä–æ—Å—Å–∏–π—Å–∫–æ–≥–æ –°–î–≠–ö) –∫–∞—Ä—Ç–∏–Ω–∫–∏ —Å –æ—Å–∫–æ—Ä–±–ª–µ–Ω–∏–µ–º –≤ –∞–¥—Ä–µ—Å —Ä—É—Å—Å–∫–æ–≥–æ –∫–æ—Ä–∞–±–ª—è.",1.0,1.0,1.0,1.0,1.0
48,–í–∞—à—É –º–∞–º—É –∏ —Ç–∞–º –∏ —Ç—É—Ç –ø–æ–∫–∞–∑—ã–≤–∞—é—Ç,1.0,1.0,1.0,1.0,1.0
49,–ü—Ä–æ—Ç–µ—Å—Ç—É—é—â–∏–µ –≤ –ê–∫—Ç–∞—É –Ω–∞—á–∞–ª–∏ —Ä–∞—Å—Ö–æ–¥–∏—Ç—å—Å—è.,0.0,0.0,0.0,0.0,0.0
50,–ü–æ—è–≤–∏–ª–∏—Å—å –Ω–æ–≤—ã–µ –∫–∞–¥—Ä—ã –æ–∫—É—Ç–∞–Ω–Ω–æ–≥–æ –¥—ã–º–æ–º –∂–∏–ª–æ–≥–æ –¥–æ–º–∞ –Ω–∞ –õ–∏–≥–æ–≤—Å–∫–æ–º –ø—Ä–æ—Å–ø–µ–∫—Ç–µ –ü–ª–æ—â–∞–¥—å –ø–æ–∂–∞—Ä–∞ —Å–æ—Å—Ç–∞–≤–ª—è–µ—Ç 1500 –∫–≤.–º.,0.0,0.0,0.0,0.0,0.0
51,"‚ùóÔ∏è‚ö°Ô∏è–ü–æ–≤–µ—à–µ–Ω –±—ã–ª –µ–≥–æ –æ—Ö—Ä–∞–Ω–Ω–∏–∫, —Å–∞–º–æ–≥–æ –ø–æ–∫–ª–æ–Ω–Ω–∏–∫–∞ –ì–∏—Ç–ª–µ—Ä–∞ —Å –ë–∞–Ω–¥–µ—Ä–æ–π –≤–µ–∑—É—Ç –≤ –º–µ—à–∫–µ –Ω–∞ –¥–æ–ø—Ä–æ—Å - —Ç–æ –ª–∏ –≤ –ú–æ—Å–∫–≤—É, —Ç–æ –ª–∏ –≤ –î–æ–Ω–µ—Ü–∫, –Ω–µ –∑–Ω–∞–µ–º.",1.0,1.0,1.0,1.0,1.0
52,"–î—Ä—É–∑—å—è, –≤–∫–ª—é—á–∞–π—Ç–µ Zik –≤ 19:00.",0.0,0.0,0.0,0.0,0.0
53,–ñ–∏—Ç–µ–ª–µ–π —Å—Ç–æ–ª–∏—á–Ω–æ–≥–æ —Ä–µ–≥–∏–æ–Ω–∞ —Å–µ–≥–æ–¥–Ω—è –∏ –∑–∞–≤—Ç—Ä–∞ –æ–∂–∏–¥–∞—é—Ç –æ—á–µ–Ω—å –∂–∞—Ä–∫–∏–µ –¥–Ω–∏ ‚Äî –≤–æ–∑–¥—É—Ö –º–æ–∂–µ—Ç —Ä–∞—Å–∫–∞–ª–∏—Ç—å—Å—è –¥–æ 34 –≥—Ä–∞–¥—É—Å–æ–≤ —Ç–µ–ø–ª–∞.,0.0,0.0,0.0,0.0,0.0
54,"–ü—É—Ç–∏–Ω –∑–∞—è–≤–∏–ª, —á—Ç–æ –Ω–µ–æ–Ω–∞—Ü–∏–∑–º –∂–∏–≤—É—á–∞—è –∑–∞—Ä–∞–∑–∞, –º—ã —Å –Ω–µ–π –±–æ—Ä–µ–º—Å—è, –∞ –Ω–∞ –£–∫—Ä–∞–∏–Ω–µ –ø–æ–¥–¥–µ—Ä–∂–∏–≤–∞—é—Ç.",1.0,1.0,1.0,1.0,1.0
55,"–ü—Ä–∏–¥—É–º–∞–ª–∏ –µ–º—É –∏—Å—Ç–æ—Ä–∏—é, –∫—É–ª—å—Ç—É—Ä—É, –ª–∏—Ç–µ—Ä–∞—Ç—É—Ä—É, –≤–æ–∂–¥–µ–π, —Å–∞–º–æ–æ–ø—Ä–µ–¥–µ–ª–µ–Ω–∏–µ –≤—Å—É–Ω—É–ª–∏ –≤ —Å–∞–ª–æ, –±–æ—Ä—â –∏ –≥–æ—Ä–∏–ª–∫—É (—á–µ–º –±–æ–ª—å—à–µ —Å–∞–ª–∞, —Ç–µ–º –≤—ã—à–µ –¥—É—Ö), –ø—Ä–∏–ø—Ä–∞–≤–∏–ª–∏ –Ω–∞—Ü–∏–∑–º–æ–º –¥–∞ –±–∞–Ω–¥–µ—Ä–∞–º–∏ –∏ —ç—Ç—É –æ—Ç–≤—Ä–∞—Ç–∏—Ç–µ–ª—å–Ω—É—é, –∫–∏—Å–ª—É—é –∂–≤–∞—á–∫—É –≤ —Ä–æ—Ç –≤—Å—É–Ω—É–ª–∏.",1.0,1.0,1.0,1.0,1.0
56,"–ú–æ—Å–≥–æ—Ä—Å—É–¥ —Å–æ–æ–±—â–∏–ª –†–ò–ê –ù–æ–≤–æ—Å—Ç–∏, —á—Ç–æ 7 –æ–∫—Ç—è–±—Ä—è –ø—Ä–æ–≤–µ—Ä–∏—Ç –∑–∞–∫–æ–Ω–Ω–æ—Å—Ç—å –≤–∫–ª—é—á–µ–Ω–∏—è ""–ú–µ–¥—É–∑—ã"" –≤ —Å–ø–∏—Å–æ–∫ –∏–Ω–æ–∞–≥–µ–Ω—Ç–æ–≤",0.0,0.0,0.0,0.0,0.0
57,"–ß—Ç–æ –∫–∞—Å–∞–µ—Ç—Å—è –ø—Ä–µ—Å–ª–æ–≤—É—Ç—ã—Ö –Ω–∞—Ü–∏–æ–Ω–∞–ª–∏—Å—Ç–∏—á–µ—Å–∫–∏—Ö –∫—Ä–∏—á–∞–ª–æ–∫, –∫–æ—Ç–æ—Ä—ã–µ —Ç–∞–∫ –∂–µ –±—É–¥—É—Ç —Ä–∞–¥–æ–≤–∞—Ç—å –∑—Ä–∏—Ç–µ–ª–µ–π –ß–ï –ø–æ —Ñ—É—Ç–±–æ–ª—É, –∫–∞–∫ –∏ —á–∞—Å—Ç—å —ç–∫–∏–ø–∏—Ä–æ–≤–∫–∏ —É–∫—Ä–∞–∏–Ω—Å–∫–∏—Ö —Å–ø–æ—Ä—Ç—Å–º–µ–Ω–æ–≤, —Ç–æ —ç—Ç–æ –æ—á–µ—Ä–µ–¥–Ω–∞—è –ø–æ–ø—ã—Ç–∫–∞ –≥–æ—Å—É–¥–∞—Ä—Å—Ç–≤–µ–Ω–Ω–æ–π –∫–∏–µ–≤—Å–∫–æ–π –ø—Ä–æ–ø–∞–≥–∞–Ω–¥—ã –∑–∞–∫—Ä–µ–ø–∏—Ç—å –≤ –æ–±—â–µ—Å—Ç–≤–µ–Ω–Ω–æ–º —Å–æ–∑–Ω–∞–Ω–∏–∏ –ª–æ–∑—É–Ω–≥, –∫–æ—Ç–æ—Ä—ã–π —É –º–Ω–æ–≥–∏—Ö –Ω–∞ –£–∫—Ä–∞–∏–Ω–µ –∏ –∑–∞ –µ–µ –ø—Ä–µ–¥–µ–ª–∞–º–∏ –∞—Å—Å–æ—Ü–∏–∏—Ä—É–µ—Ç—Å—è —Å –£–∫—Ä–∞–∏–Ω—Å–∫–æ–π –ø–æ–≤—Å—Ç–∞–Ω—á–µ—Å–∫–æ–π –∞—Ä–º–∏–µ–π (–£–ü–ê), –°.–ë–∞–Ω–¥–µ—Ä–æ–π –∏ –∏—Ö –ø—Ä–µ—Å—Ç—É–ø–ª–µ–Ω–∏—è–º–∏ –≤ –≥–æ–¥—ã –í—Ç–æ—Ä–æ–π –º–∏—Ä–æ–≤–æ–π –≤–æ–π–Ω—ã.",1.0,1.0,1.0,1.0,1.0
58,30 —Å–µ–Ω—Ç—è–±—Ä—è –í–ª–∞–¥–∏–º–∏—Ä –ü—É—Ç–∏–Ω –æ–±–≤–∏–Ω–∏–ª –ó–∞–ø–∞–¥ –≤ ¬´–æ—Ç–∫—Ä–æ–≤–µ–Ω–Ω–æ–º —Å–∞—Ç–∞–Ω–∏–∑–º–µ¬ª.,0.0,1.0,0.0,1.0,1.0
59,"–ë–æ–ª–≥–∞—Ä—ã –≤—Å—Ç—Ä–µ—Ç–∏–ª–∏ –ø—Ä–æ–≤–æ–∫–∞—Ç–æ—Ä–æ–≤ –≤ –°–æ—Ñ–∏–∏ —Å –∫—Ä–∏–∫–∞–º–∏ ""–ë–∞–Ω–¥–µ—Ä–æ–≤—Ü—ã""  ‚ñ∂Ô∏è @smotri_media",1.0,1.0,1.0,1.0,1.0
60,–¢–∞–∫–∂–µ –≤ —Å—É–¥ –ø–æ—Å—Ç—É–ø–∏–ª–∏ –ø–æ—Ä—É—á–∏—Ç–µ–ª—å—Å—Ç–≤–∞ –æ—Ç –ß—É–±–∞–π—Å–∞ –∏ –¢–∏–º–∞–∫–æ–≤–æ–π. https://govoritmoskva.ru/news/192877/,-1.0,-1.0,-1.0,-1.0,-1.0
61,"–•–æ—Ö–ª—ã (–ø—Ä–∏—á–µ–º –æ–Ω–∏ —Å–∞–º–∏ —ç—Ç–æ –ø—Ä–∏–∑–Ω–∞—é—Ç), —Å—Ç–∞–ª–∏ –ø–æ–ª–∏–≥–æ–Ω–æ–º –¥–ª—è –æ—Ç—Ä–∞–±–æ—Ç–∫–∏ –±–æ–ª—å—à–æ–π –≤–æ–π–Ω—ã –∏–Ω—Ñ–æ—Ä–º–∞—Ü–∏–æ–Ω–Ω–æ–π —ç—Ä—ã –∏ –µ—Å—Ç–µ—Å—Ç–≤–µ–Ω–Ω–æ, —á—Ç–æ –∑–∞–∏–Ω—Ç–µ—Ä–µ—Å–æ–≤–∞–Ω–Ω—ã–µ —Å—Ç–æ—Ä–æ–Ω—ã, –∞ —Ç–æ—á–Ω–µ–µ —Ö–æ–∑—è–µ–≤–∞ –ö–∏–µ–≤–∞ –æ—á–µ–Ω—å —Ö–æ—Ç—è—Ç —É–≤–∏–¥–µ—Ç—å, —á—Ç–æ –±—É–¥–µ—Ç —Å –ø–æ–¥–æ–ø—ã—Ç–Ω—ã–º–∏ –∫—Ä—ã—Å–∞–º–∏ –ø—Ä–∏ —Å—Ä–∞–±–∞—Ç—ã–≤–∞–Ω–∏–∏ —è–¥–µ—Ä–Ω–æ–π –±–æ–º–±—ã, –∞ –∑–∞–æ–¥–Ω–æ –ø–æ—Å–º–æ—Ç—Ä–µ—Ç—å –Ω–∞ —Ä–µ–∞–∫—Ü–∏—é —á–µ–ª–æ–≤–µ—á–µ—Å—Ç–≤–∞ –Ω–∞ –¥–∞–Ω–Ω—ã–π –∏–Ω—Ü–∏–¥–µ–Ω—Ç.",-1.0,-1.0,-1.0,-1.0,-1.0
62,üåé–ö–æ—Ä–æ–Ω–∞–≤–∏—Ä—É—Å –≤ –º–∏—Ä–µ.,-1.0,-1.0,-1.0,-1.0,-1.0
63,"‚úàÔ∏è –ú–æ—Å–∫–æ–≤—Å–∫–∏–π –∞—ç—Ä–æ–ø–æ—Ä—Ç –®–µ—Ä–µ–º–µ—Ç—å–µ–≤–æ 23 –∏—é–ª—è –≤–æ–∑–æ–±–Ω–æ–≤–ª—è–µ—Ç —Ä–∞–±–æ—Ç—É —Ç–µ—Ä–º–∏–Ω–∞–ª–∞ –°, —Ç—É–¥–∞ –∏–∑ —Ç–µ—Ä–º–∏–Ω–∞–ª–∞ –í –ø–µ—Ä–µ–≤–µ–¥—É—Ç –º–µ–∂–¥—É–Ω–∞—Ä–æ–¥–Ω—ã–µ —Ä–µ–π—Å—ã ¬´–ê—ç—Ä–æ—Ñ–ª–æ—Ç–∞¬ª.",-1.0,-1.0,-1.0,-1.0,-1.0
64,"–í—Å—Ç—Ä–µ—Ç–∏–ª —á–µ–ª–æ–≤–µ–∫–∞ –Ω–∞ —Å–∫—É—Ç–µ—Ä–µ, –ø–æ–ø—Ä–æ—Å–∏–ª –¥–æ–≤–µ–∑—Ç–∏ –µ–≥–æ –¥–æ –∑–Ω–∞–∫–∞ ""–í–æ–ª–Ω–æ–≤–∞—Ö–∞"", –Ω–æ —Ç–æ—Ç –∏—Å–ø—É–≥–∞–ª—Å—è: ""–¢—ã —á—Ç–æ? –£–∫—Ä–æ–ø—ã –∫—Ä—É–≥–æ–º, –∑–∞—Å—Ç—Ä–µ–ª—è—Ç –æ–±–æ–∏—Ö!"" –ò —Ç—É—Ç —è —É–≤–∏–¥–µ–ª —Ç–µ—Ç—é –°–≤–µ—Ç—É‚Ä¶  –ü–æ–¥—Ä–æ–±–Ω–µ–µ ‚Äî –≤ –º–∞—Ç–µ—Ä–∏–∞–ª–µ –ê–ª–µ–∫—Å–µ—è –û–≤—á–∏–Ω–Ω–∏–∫–æ–≤–∞  –ü–æ–¥–ø–∏—Å–∞—Ç—å—Å—è –Ω–∞ @truekpru",-1.0,-1.0,-1.0,-1.0,-1.0
65,–î–æ —Å–∏—Ö –ø–æ—Ä –Ω–µ–∏–∑–≤–µ—Å—Ç–Ω–æ —Å–∫–æ–ª—å–∫–æ –ª—é–¥–µ–π –Ω–µ –º–æ–≥—É—Ç –ø–æ–ø–∞—Å—Ç—å –¥–æ–º–æ–π –∏ –Ω–∞ —Ä–∞–±–æ—Ç—É\—É—á–µ–±—É –∏–∑-–∑–∞ –∑–∞–∫—Ä—ã—Ç—ã—Ö –ø—É–Ω–∫—Ç–æ–≤ –ø—Ä–æ–ø—É—Å–∫–∞ –Ω–∞ –î–æ–Ω–±–∞—Å—Å–µ.,0.0,0.0,0.0,1.0,1.0
66,"–í–µ–¥—å –ø–æ—á—Ç–∏ –Ω–µ—Ç —Å–ª—É—á–∞–µ–≤ –∫–æ–≥–¥–∞ —Å–¥–∞–≤–∞–ª–∏—Å—å –≤ –ø–ª–µ–Ω –ò–ì–ò–õ, –∞ —á–µ–º —Ö–æ—Ö–ª–æ—Å–≤–∏–Ω—å–∏ –ª—É—á—à–µ? - –ü–ª–µ–Ω–Ω—ã—Ö –ø–æ–º–µ–Ω—è—é—Ç –ø–æ —Å–≤–æ–µ–º—É —É—Å–º–æ—Ç—Ä–µ–Ω–∏—é –∏ –≤–∞—Å –Ω–µ —Å–ø—Ä–æ—Å—è—Ç, –∞ –ø–æ—Ç–æ–º –æ–Ω–∏ —Å–Ω–æ–≤–∞ –≤–µ—Ä–Ω—É—Ç—Å—è –≤ —Å—Ç—Ä–æ–π.",1.0,1.0,1.0,1.0,1.0
67,–í –¢—Ä–æ–∏—Ü–∫–µ –ß–µ–ª—è–±–∏–Ω—Å–∫–æ–π –æ–±–ª–∞—Å—Ç–∏ –ø—Ä–æ–∏–≥—Ä–∞–≤—à–∏–π –≤—ã–±–æ—Ä—ã –¥–µ–ø—É—Ç–∞—Ç –≥–æ—Ä–æ–¥—Å–∫–æ–≥–æ —Å–æ–±—Ä–∞–Ω–∏—è –í–ª–∞–¥–∏–º–∏—Ä –ö—É—Ä–∏–ª–æ–≤ –ø–æ—Å–ª–µ —Å–≤–æ–µ–≥–æ –ø–æ—Ä–∞–∂–µ–Ω–∏—è —Ä–µ—à–∏–ª –æ—Ç–æ–º—Å—Ç–∏—Ç—å –Ω–µ–±–ª–∞–≥–æ–¥–∞—Ä–Ω—ã–º –∏–∑–±–∏—Ä–∞—Ç–µ–ª—è–º –∏ –æ—Ç—Å–æ–µ–¥–∏–Ω–∏–ª –º–µ—Å—Ç–Ω—É—é –∫–æ–ª–æ–Ω–∫—É —Å –≤–æ–¥–æ–π –æ—Ç —ç–ª–µ–∫—Ç—Ä–∏—á–µ—Å—Ç–≤–∞.,0.0,1.0,0.0,1.0,0.0
68,"‚ÄºÔ∏èüá∫üá¶üá©üá™–í–æ–µ–Ω–Ω—ã–µ –∏–∑ –°–®–ê –±—É–¥—É—Ç –æ–±—É—á–∞—Ç—å –≤ –ì–µ—Ä–º–∞–Ω–∏–∏ –ø–æ 2500 –í–°–£—à–Ω–∏–∫–æ–≤ –≤ –º–µ—Å—è—Ü  –£–∫—Ä–∞–∏–Ω—Å–∫–∏–º —Å–æ–ª–¥–∞—Ç–∞–º —Å—Ç–æ–∏–ª–æ –±—ã –∑–∞–¥—É–º–∞—Ç—å—Å—è –Ω–∞–¥ –≤–∞—Ä–∏–∞–Ω—Ç–∞–º–∏, –∫–∞–∫ –Ω–∞–≤—Å–µ–≥–¥–∞ –æ—Å—Ç–∞—Ç—å—Å—è –≤ –ì–µ—Ä–º–∞–Ω–∏–∏ –∏ –∏–∑–±–µ–∂–∞—Ç—å –ø–æ–µ–∑–¥–∫–∏ –Ω–∞ —Ñ—Ä–æ–Ω—Ç.",1.0,1.0,1.0,1.0,1.0
69,"–ì—Ä–æ—à –Ω–∞–º –≤—Å–µ–º —Ü–µ–Ω–∞, –µ—Å–ª–∏ —Ö–æ—Ö–ª—è—Ç—Å–∫–∞—è –º—Ä–∞–∑—å —Å–µ–≥–æ–¥–Ω—è –Ω–µ —É—Ç–æ–Ω–µ—Ç –≤ —Å–æ–±—Å—Ç–≤–µ–Ω–Ω–æ–π –∫—Ä–æ–≤–∏.",1.0,1.0,1.0,1.0,1.0
70,"–ù–µ–ª—å–∑—è –æ—Ç—Å—Ç—Ä–∞–Ω—è—Ç—å –≤—Å—é —Å–±–æ—Ä–Ω—É—é –†–§ –æ—Ç —É—á–∞—Å—Ç–∏—è –≤ –û–ª–∏–º–ø–∏–π—Å–∫–∏—Ö –∏–≥—Ä–∞—Ö ‚Äì –≤–∏—Ü–µ-–ø—Ä–µ–∑–∏–¥–µ–Ω—Ç IIHF  –ù–µ–ª—å–∑—è –æ—Ç—Å—Ç—Ä–∞–Ω—è—Ç—å –≤—Å—é —Å–±–æ—Ä–Ω—É—é –†–æ—Å—Å–∏–∏ –æ—Ç —É—á–∞—Å—Ç–∏—è –≤ –∑–∏–º–Ω–∏—Ö –û–ª–∏–º–ø–∏–π—Å–∫–∏—Ö –∏–≥—Ä–∞—Ö –≤ —é–∂–Ω–æ–∫–æ—Ä–µ–π—Å–∫–æ–º –ü—Ö–µ–Ω—á—Ö–∞–Ω–µ, –∑–∞—è–≤–∏–ª –≤–∏—Ü–µ-–ø—Ä–µ–∑–∏–¥–µ–Ω—Ç –ú–µ–∂–¥—É–Ω–∞—Ä–æ–¥–Ω–æ–π —Ñ–µ–¥–µ—Ä–∞—Ü–∏–∏ —Ö–æ–∫–∫–µ—è (IIHF) —Ñ–∏–Ω–Ω –ö–∞–ª–µ—Ä–≤–æ –ö—É–º–º–æ–ª–∞.  ""–í—Å–µ –æ–ª–∏–º–ø–∏–π—Å–∫–∞—è —Å–∏—Å—Ç–µ–º–∞ –Ω–∞—Ö–æ–¥–∏—Ç—Å—è –≤ –æ–ø–∞—Å–Ω–æ—Å—Ç–∏.",0.0,0.0,0.0,0.0,0.0
71,"–ö–∞–∫–æ–π-—Ç–æ —Å—Ç—Ä–∞–Ω–Ω—ã–π –≤—ã–≤–æ–¥: –µ—Å–ª–∏ 54 —á–ª–µ–Ω–∞ –ï–† –¥–∞–ª–∏ —Å–≤–æ–∏ –ø–æ–¥–ø–∏—Å–∏ –ò—â–µ–Ω–∫–æ –¥–ª—è –ø—Ä–æ—Ö–æ–∂–¥–µ–Ω–∏—è –º—É–Ω–∏—Ü–∏–ø–∞–ª—å–Ω–æ–≥–æ —Ñ–∏–ª—å—Ç—Ä–∞, –∑–Ω–∞—á–∏—Ç ¬´–Ω–µ—Ç –µ–¥–∏–Ω—Å—Ç–≤–∞ –≤ —Ä—è–¥–∞—Ö –ï–† –∏ —á–∞—Å—Ç—å –∫—Ä–∞–µ–≤–æ–π —ç–ª–∏—Ç—ã –Ω–µ –∂–µ–ª–∞–µ—Ç –ø–æ–±–µ–¥—ã –ö–æ–∂–µ–º—è–∫–æ¬ª.",1.0,0.0,1.0,1.0,1.0
72,–¢–µ–ø–µ—Ä—å –∫–∞–∂–¥—ã–π –≤–∑–ª–µ—Ç –Ω–∞—à–∏—Ö –∏—Å—Ç—Ä–µ–±–∏—Ç–µ–ª–µ–π —Å–æ —Å—Ç–æ—Ä–æ–Ω—ã –ë–µ–ª–æ—Ä—É—Å—Å–∏–∏ –∑–∞—Å—Ç–∞–≤–ª—è–µ—Ç —Ö–æ—Ö–ª–æ–≤ —Å—É–¥–æ—Ä–æ–∂–Ω–æ –æ–±—ä—è–≤–ª—è—Ç—å –≤–æ–∑–¥—É—à–Ω—É—é —Ç—Ä–µ–≤–æ–≥—É –ø–æ –≤—Å–µ–π —Å—Ç—Ä–∞–Ω–µ.,1.0,1.0,1.0,1.0,1.0
73,"–ø–æ –≤—Å—Ç—Ä–µ—á–µ –≤ –ë–µ—Ä–ª–∏–Ω–µ –ï—Ä–º–∞–∫–∞, –ö–æ–∑–∞–∫–∞ –∏ –∫–æ:  - –Ω–∞—á–∞–ª–æ –≤ 14:00 –ø–æ –ö–∏–µ–≤—É - –∏ —É–∫—Ä–∞–∏–Ω—Å–∫–∞—è –∏ —Ä–æ—Å—Å–∏–π—Å–∫–∞—è —Å—Ç–æ—Ä–æ–Ω–∞ –∑–∞–∫–ª–∞–¥—ã–≤–∞—é—Ç –¥–ª—è —Ä–∞–∑–≥–æ–≤–æ—Ä–∞ –∞–∂ 6 —á–∞—Å–æ–≤ - –ï—Ä–º–∞–∫ –ø–æ—Å—Ç—Ñ–∞–∫—Ç—É–º –¥–∞—Å—Ç –±—Ä–∏—Ñ–∏–Ω–≥ –≤ —É–∫—Ä–∞–∏–Ω—Å–∫–æ–º –ø–æ—Å–æ–ª—å—Å—Ç–≤–µ –≤ 20:00 –ø–æ –ö–∏–µ–≤—É  —á—Ç–æ —à–µ—Å—Ç—å —á–∞—Å–æ–≤ –±—É–¥—É—Ç –æ–±—Å—É–∂–¥–∞—Ç—å —Å–æ–≤–µ—Ç–Ω–∏–∫–∏ –ª–∏–¥–µ—Ä–æ–≤ –Ω–æ—Ä–º–∞–Ω–¥–∏ - –∑–∞–≥–∞–¥–∫–∞   –ï—Ä–º–∞–∫ –ø—É–±–ª–∏—á–Ω–æ –∑–∞—è–≤–∏–ª, —á—Ç–æ –±—É–¥—É—Ç –∫–∞—Å–∞—Ç—å—Å—è —Ç–µ–º—ã –æ—Ç–∫—Ä—ã—Ç–∏—è –ö–ü–ü –Ω–∞ –ª–∏–Ω–∏–∏, –æ–±–º–µ–Ω –ø–ª–µ–Ω–Ω—ã–º–∏ –∏ –±–µ–∑–æ–ø–∞—Å–Ω–æ—Å—Ç—å   –Ω–∏ –Ω–∞ –∫–∞–∫–∏–µ –∫–æ–º–ø—Ä–æ–º–∏—Å—Å—ã –ø–æ–∫–∞ –Ω–∏–∫—Ç–æ –∏–¥—Ç–∏ –Ω–µ —Å–æ–±–∏—Ä–∞–µ—Ç—Å—è (—ç—Ç–æ –ø–µ—Ä–µ–≥–æ–≤–æ—Ä—ã —Å –æ—Ä–¥–ª–æ, –ø—Ä–∏–∑–Ω–∞–Ω–∏–µ ¬´—Å–ø—É—Ç–Ω–∏–∫–∞¬ª —É –Ω–∞—à–∏—Ö –≥—Ä–∞–∂–¥–∞–Ω —Å —Ç–æ–π —Å—Ç–æ—Ä–æ–Ω—ã –¥–ª—è –æ—Ç–∫—Ä—ã—Ç–∏—è –∫–ø–ø –∏ —Ç–¥)   –µ–¥–∏–Ω—Å—Ç–≤–µ–Ω–Ω–æ–µ, —á—Ç–æ —è–≤–Ω–æ –æ–±—Å—É–∂–¥–∞—é—Ç –∏ –Ω–∞ —á—Ç–æ –æ–±—Ä–∞—â–∞—é—Ç –≤–Ω–∏–º–∞–Ω–∏–µ –≤ –ë–µ—Ä–ª–∏–Ω–µ - –æ—Ç–∑—ã–≤ –∑–∞–∫–æ–Ω–æ–ø—Ä–æ–µ–∫—Ç–∞ –æ ¬´–ø–µ—Ä–µ—Ö–æ–¥–Ω–æ–º –ø–µ—Ä–∏–æ–¥–µ –≤ –û–†–î–õ–û¬ª –∏–∑ —Ä–∞–¥—ã  –º–æ–ª —ç—Ç–æ —à–∞–≥ —É–∫—Ä–∞–∏–Ω—Å–∫–æ–π –≤–ª–∞—Å—Ç–∏ —Å –æ–∂–∏–¥–∞–Ω–∏–µ–º —Ç–∞–∫–∏—Ö –∂–µ —à–∞–≥–æ–≤ –æ—Ç –†–æ—Å—Å–∏–∏  –Ω–∞–±–ª—é–¥–∞–µ–º",1.0,1.0,1.0,1.0,1.0
74,"–£–µ—Ö–∞–≤—à–∞—è –∏ —Ä–≤—É—â–∞—è—Å—è –Ω–∞–∑–∞–¥, –ø–æ—Ç–æ–º—É —á—Ç–æ –¥–æ—Ö–æ–¥—ã-—Ç–æ –∑–¥–µ—Å—å, —É–µ—Ö–∞–≤—à–∞—è –∏ –∂–∏–≤—É—â–∞—è –Ω–∞ —Ä–µ–Ω—Ç—É –æ—Ç—Å—é–¥–∞ (–Ω–∞—Ü–∏–æ–Ω–∞–ª–∏–∑–∞—Ü–∏—è - –∞—É?!) –∏–ª–∏ –Ω–µ —É–µ—Ö–∞–≤—à–∞—è –∏ –ø—Ä–æ–¥–æ–ª–∂–∞—é—â–∞—è –ª–∞—è—Ç—å –≤ —Å–æ—Ü—Å–µ—Ç—è—Ö, –Ω–µ –≤–∑–∏—Ä–∞—è –Ω–∞ –ø–ª–∞—à–∫—É –∏–Ω–æ–∞–≥–µ–Ω—Ç–∞ - —á–µ—Å—Ç–Ω–æ–µ —Å–ª–æ–≤–æ - –µ—Å–ª–∏ –± –≤—Å—é —ç—Ç—É —Å–≤–æ—Ä—É —Å–º–µ–Ω—è—Ç—å –Ω–∞ –ø–∞—Ä—É —Ç–∏–ø–∞ —Ä–∞—Å–∫–∞–∏–≤—à–∏—Ö—Å—è —Ö–æ—Ö–ª–æ–≤ - –¥–∞ –º—ã –±—ã –∂–∏–ª–∏ –≤ –ø—Ä–µ–∫—Ä–∞—Å–Ω–æ–π —Å—Ç—Ä–∞–Ω–µ!",1.0,0.0,0.0,1.0,0.0
75,"–ê –Ω–∞—Ü–∏–∫–æ–≤, –±–∞–Ω–¥–µ—Ä–æ–≤—Ü–µ–≤ –∏ —à–∞–π—Ç–∞–Ω–æ–≤ –∏ —Å–ª–µ–¥ –ø—Ä–æ—Å—Ç—ã–ª.",1.0,1.0,1.0,1.0,1.0
76,"‚ùóÔ∏è–ù–∞ —Ç—Ä–µ—Ç—å–µ–º —Ä–µ–∞–∫—Ç–æ—Ä–µ –ê–≠–° ""–ú–∏—Ö–∞–º–∞"" –≤ –Ø–ø–æ–Ω–∏–∏ –ø—Ä–æ–∏–∑–æ—à–ª–∞ —É—Ç–µ—á–∫–∞ 7 —Ç–æ–Ω–Ω —Ä–∞–¥–∏–æ–∞–∫—Ç–∏–≤–Ω–æ–π –≤–æ–¥—ã, —Å–æ–æ–±—â–∞–µ—Ç –∏–Ω—Ñ–æ—Ä–º–∞–≥–µ–Ω—Ç—Å—Ç–≤–æ –ö–∏–æ–¥–æ.",0.0,1.0,0.0,0.0,1.0
77,üñ• Rutube –ø–ª–∞–Ω–∏—Ä—É—é—Ç –∑–∞–ø—É—Å—Ç–∏—Ç—å —É–∂–µ —Å–µ–≥–æ–¥–Ω—è.,0.0,0.0,0.0,0.0,0.0
78,"–í—Å—Ç—Ä–µ—á–∞–π—Ç–µ!  –°–µ—Ä–∏–∞–ª ¬´–†–µ—Å—Ç–æ—Ä–∞–Ω –ß–ë–ö¬ª, 1 —Å–µ—Ä–∏—è üî•  –°–µ–≥–æ–¥–Ω—è –Ω–∞—à–∏ –º–æ—Ä–ø–µ—Ö–∏ –ø—Ä–æ–≤–µ–ª–∏ –º–∞—Å—Ç–µ—Ä-–∫–ª–∞—Å—Å –ø–æ –∫–∞–≤–∫–∞–∑—Å–∫–æ–π –∫—É—Ö–Ω–µ –¥–ª—è –º–Ω–æ–≥–æ—á–∏—Å–ª–µ–Ω–Ω—ã—Ö –ø–æ–≤–∞—Ä–æ–≤ –≤—Å—É–∫  #—Ç–∞–∫–æ–µ–∫–∏–Ω–æ #–æ—Ç–º–æ—Ä–ø–µ—Ö–æ–≤ #–ö–§–ª #–ª—é–ª—è–∫–∏—Å—Ö–æ—Ö–ª—è—Ç–∏–Ω–æ–π #–º–µ–Ω—é",1.0,1.0,1.0,1.0,1.0
79,"–†–µ–±—è—Ç, –Ω–æ–≤—ã–π –º–µ–º—á–∏–∫ –ø–æ–¥—ä–µ—Ö–∞–ª.",0.0,0.0,0.0,0.0,0.0
80,–£–∫—Ä–∞–∏–Ω–∞ –¥–æ–ª–∂–Ω–∞ –±—ã—Ç—å –∑–∞—á–∏—â–µ–Ω–∞ –æ—Ç –±–∞–Ω–¥–µ—Ä–æ–≤—Å–∫–∏—Ö –≤—ã–±–ª—è–¥–∫–æ–≤!,1.0,1.0,1.0,1.0,1.0
81,"–° –Ω–∞–ø–ª—ã–≤–æ–º —É–∫—Ä–∞–∏–Ω—Å–∫–∏—Ö –±–µ–∂–µ–Ω—Ü–µ–≤ –Ω–∞—á–∞–ª—Å—è –ø–æ–ª–Ω—ã–π –ø–∏–∑–¥–µ—Ü: –∑–∞–ø–æ–ª–Ω–µ–Ω—ã –≤—Å–µ –ø–∞—Ä–∫–æ–≤–æ—á–Ω—ã–µ –º–µ—Å—Ç–∞, –±–µ–∂–µ–Ω—Ü—ã –Ω–æ—Ä–æ–≤—è—Ç –∑–∞–Ω—è—Ç—å –ø–æ–ª–æ—Å—É –æ–±—â–µ—Å—Ç–≤–µ–Ω–Ω–æ–≥–æ —Ç—Ä–∞–Ω—Å–ø–æ—Ä—Ç–∞ –∏ –º–µ—à–∞—é—Ç —Ä–∞–±–æ—Ç–µ –≥–æ—Ä–æ–¥—Å–∫–∏—Ö —Å–ª—É–∂–±, –∫–∞–∂–¥–æ–µ –≤–æ—Å–∫—Ä–µ—Å–µ–Ω—å–µ –Ω–∞ –ø–ª–æ—â–∞–¥–∏ –ú—É–∑–µ–π–Ω–æ–≥–æ –∫–≤–∞—Ä—Ç–∞–ª–∞ —Å–æ–±–∏—Ä–∞—é—Ç—Å—è —Ç—ã—Å—è—á–∏ –º–∞–π–¥–∞–Ω—É—Ç—ã—Ö, –æ—Å—Ç–∞–≤–ª—è—è –∑–∞ —Å–æ–±–æ–π –Ω–µ —Ç–æ–ª—å–∫–æ —Ç–æ–Ω–Ω—ã –º—É—Å–æ—Ä–∞, –Ω–æ –∏ –∞–∫—É—Å—Ç–∏—á–µ—Å–∫–æ–≥–æ —à—É–º–∞.",1.0,1.0,1.0,1.0,1.0
82,"–ù–æ–≤–∏—á–æ–∫, —á—Ç–æ–±—ã —Ç—ã –∑–∞–ø–ª–∞–∫–∞–ª–∞",0.0,1.0,0.0,0.0,0.0
83,"–ì–æ–ª–æ—Å–∞ –∫–ª–µ–≤–µ—â—É—Ç, —á—Ç–æ –ø–æ—Å–æ–ª –°–®–ê –≤ –¢—É—Ä—Ü–∏–∏ –î—ç–≤–∏–¥ –°–∞—Ç—Ç–µ—Ä—Ñ–∏–ª–¥ –≤–æ–∑–≥–ª–∞–≤–∏—Ç –º–µ–∂–≤–µ–¥–æ–º—Å—Ç–≤–µ–Ω–Ω—É—é –¥–µ–ª–µ–≥–∞—Ü–∏—é –¥–ª—è –≤—Å—Ç—Ä–µ—á–∏ —Å —Ç—É—Ä–µ—Ü–∫–∏–º–∏ –ø—Ä–µ–¥—Å—Ç–∞–≤–∏—Ç–µ–ª—è–º–∏ –Ω–∞ –≤—Å—Ç—Ä–µ—á–µ –≤ –ê–Ω–∫–∞—Ä–µ –Ω–∞ —ç—Ç–æ–π –Ω–µ–¥–µ–ª–µ, –≤ —Ö–æ–¥–µ –∫–æ—Ç–æ—Ä–æ–π –±—É–¥—É—Ç –æ–±—Å—É–∂–¥–∞—Ç—å—Å—è –≤–æ–ø—Ä–æ—Å—ã —Ä–µ–∞–ª–∏–∑–∞—Ü–∏–∏ —Å–æ–≤–º–µ—Å—Ç–Ω–æ–π –¥–µ–∫–ª–∞—Ä–∞—Ü–∏–∏ –æ—Ç 17 –æ–∫—Ç—è–±—Ä—è",0.0,1.0,0.0,0.0,0.0
84,–±–ª—è—è—è—è—è –ª–æ–ª —É –ö–∞—à–µ–≤–∞—Ä–æ–≤–æ–π –∫–∞—Ä—Ç–∏–Ω–∫—É —É–≤–∏–¥–µ–ª - —Ö–æ—Ö–ª—ã –Ω–∞—Ç—É—Ä–∞–ª—å–Ω–æ –≤–∑—è–ª–∏ –º–æ–π –ø–æ—Å—Ç –∏ –∏–∑ —ç—Ç–æ–≥–æ —Å–¥–µ–ª–∞–ª–∏ –º–µ–º –Ω–æ –Ω–∞ —É–∫—Ä–∞–∏–Ω—Å–∫–æ–º  —Å—É–∫–∞ –µ–±—É—á–∏–µ —Ö–æ—Ö–ª—ã –Ω–∏—á–µ–≥–æ —Å–≤–æ–µ–≥–æ  https://t.me/akashevarova/5193,1.0,1.0,1.0,1.0,1.0
85,–í –ú–æ—Å–∫–≤–µ –∑–∞ –º–∏–Ω—É–≤—à–∏–µ —Å—É—Ç–∫–∏ —Å–∫–æ–Ω—á–∞–ª–∏—Å—å  75 –ø–∞—Ü–∏–µ–Ω—Ç–æ–≤ —Å COVID-19.,0.0,0.0,0.0,0.0,0.0
86,"–ò—Å—Ç–æ—Ä–∏–∫ –§—É—Ä—Å–æ–≤:  –Ø —Å 2014 –≥–æ–¥–∞ –≥–æ–≤–æ—Ä—é, —á—Ç–æ —É–∫—Ä–æ-–±–∞–Ω–¥–µ—Ä–æ–≤—Å–∫–∏–π –Ω–∞—Ä—ã–≤ –¥–æ–ª–∂–µ–Ω –±—ã—Ç—å –≤—Å–∫—Ä—ã—Ç –∏ —á–µ–º —Å–∫–æ—Ä–µ–µ, —Ç–µ–º –ª—É—á—à–µ.",1.0,1.0,1.0,0.0,0.0
87,"–ò —Å—É–¥—è –ø–æ —Å–æ–æ—Ç–Ω–æ—à–µ–Ω–∏—é –≤—ã–ø—É—â–µ–Ω–Ω—ã—Ö —Ä–∞–∫–µ—Ç –∫ –æ—Å—Ç–∞–≤—à–∏–º—Å—è –∂–∏–≤—ã–º –ó–†–ö —Ö–æ—Ö–ª–æ–≤, –¥–∞–ª–µ–∫–æ –Ω–µ –≤—Å–µ –æ–Ω–∏ –ø–æ–ø–∞–ª–∏ –≤ —ç—Ç–∏ –ó–†–ö. –ï—Å–ª–∏ –≤–æ–æ–±—â–µ –ø–æ–ø–∞–ª–∏.",1.0,1.0,1.0,1.0,1.0
88,–•–æ—Ö–ª—ã –ø—Ä–æ–¥–æ–ª–∂–∞—é—Ç –ø—Ä–æ—Ö–æ–¥–∏—Ç—å –∫–∞—Å—Ç–∏–Ω–≥ –Ω–∞ –ª—É—á—à—É—é –¥—Ä–∞–º–∞—Ç–∏—á–µ—Å–∫—É—é —Ä–æ–ª—å,0.0,0.0,0.0,1.0,1.0
89,"–ì–ª–∞–≤–Ω—ã–π —Ä–µ–¥–∞–∫—Ç–æ—Ä ¬´–ù–æ–≤–æ–π –≥–∞–∑–µ—Ç—ã¬ª –î–º–∏—Ç—Ä–∏–π –ú—É—Ä–∞—Ç–æ–≤ –≤ –∏–Ω—Ç–µ—Ä–≤—å—é –∏–∑–¥–∞–Ω–∏—é ""Znak"":  ‚Äî –ß—Ç–æ –±—É–¥–µ—Ç –ø–æ—Å–ª–µ —Å–µ–Ω—Ç—è–±—Ä—å—Å–∫–∏—Ö –≤—ã–±–æ—Ä–æ–≤ –≤ –ì–æ—Å–¥—É–º—É?  ‚Äî –†–µ–∞–∫—Ü–∏—è –Ω–∞ 6‚Äì10 –ª–µ—Ç.  ‚Äî –ö –ø—Ä–µ–∑–∏–¥–µ–Ω—Ç—Å–∫–∏–º –≤—ã–±–æ—Ä–∞–º –±—É–¥–µ—Ç —É–∂–µ—Å—Ç–æ—á–µ–Ω–∏–µ –≤ —Å–º—ã—Å–ª–µ –µ—â–µ –±–æ–ª—å—à–µ–π –∑–∞—á–∏—Å—Ç–∫–∏ –ø–æ–ª–∏—Ç–∏—á–µ—Å–∫–æ–≥–æ –ø–æ–ª—è?  ‚Äî –ò–Ω—Ç–µ—Ä–Ω–µ—Ç-–ø—Ä–æ—Å—Ç—Ä–∞–Ω—Å—Ç–≤–æ –≤—Å–µ–≥–¥–∞ –ø—Ä–∏–Ω–∞–¥–ª–µ–∂–∞–ª–æ —Ç–µ–º, –∫—Ç–æ —Å—á–∏—Ç–∞–ª —Å–µ–±—è –æ–ø–ø–æ–∑–∏—Ü–∏–µ–π –∏–ª–∏ –Ω–µ –æ–ø–ø–æ–∑–∏—Ü–∏–µ–π, –∞ –ª—é–¥—å–º–∏ —Å –∫–∞–∫–∏–º–∏-—Ç–æ —Ü–∏—Ñ—Ä–æ–≤—ã–º–∏ –¥–µ–º–æ–∫—Ä–∞—Ç–∏—á–µ—Å–∫–∏–º–∏ –≤–∑–≥–ª—è–¥–∞–º–∏.",0.0,0.0,0.0,0.0,0.0
90,–û—Å—Ç–∞–ª–æ—Å—å –µ—â—ë —á—É—Ç—å-—á—É—Ç—å –∏ –ø–æ –Ω–µ–º—É —Å–Ω–æ–≤–∞ –º–æ–∂–Ω–æ –±—É–¥–µ—Ç –µ—Ö–∞—Ç—å.  üîµ–ú–µ–¥–≤–µ–¥–µ–≤ –±–µ—Å–ø–æ–¥–æ–±–µ–Ω) –ø—Ä–µ–¥–ª–∞–≥–∞–µ—Ç –ü–æ–ª—å—à–µ –Ω–∞—à–µ –ü–í–û –¥–ª—è –∑–∞—â–∏—Ç—ã –æ—Ç –∫—Ä–∏–≤—ã—Ö —Ö–æ—Ö–ª—è—Ü–∫–∏—Ö —Ä–∞–∫–µ—ÇüòÇüòÇüòÇ  üîµ–í —á–µ—Å—Ç—å –ø–∞–º—è—Ç–Ω–æ–π –¥–∞—Ç—ã –í–æ–ª–≥–æ–≥—Ä–∞–¥ –ø–µ—Ä–µ–∏–º–µ–Ω–æ–≤—ã–≤–∞–ª–∏ –≤ –°—Ç–∞–ª–∏–Ω–≥—Ä–∞–¥ –≤—á–µ—Ä–∞.  üîµ–í–æ—Ç —É–∂ —Ç–æ—á–Ω–æ –ø–æ—Ç—Ä—è—Å–∞—é—â–∏–π –ø–æ–≤–æ–¥ –¥–ª—è –≥–æ—Ä–¥–æ—Å—Ç–∏ ‚Äì –º–µ–¥–∏–∫–∏ –ë—É—Ä–¥–µ–Ω–∫–æ –Ω–∞—É—á–∏–ª–∏—Å—å –ø–µ—á–∞—Ç–∞—Ç—å –∫–æ–Ω–µ—á–Ω–æ—Å—Ç–∏ –Ω–∞ 3D-–ø—Ä–∏–Ω—Ç–µ—Ä–µ!  üîµ–ï—â—ë –æ–¥–∏–Ω –ù—É—Ä–º–∞–≥–æ–º–µ–¥–æ–≤ –ø–æ–∫–æ—Ä—è–µ—Ç —Ä–∏–Ω–≥–∏ –ó–∞–ø–∞–¥–∞ –±–µ–∑ –µ–¥–∏–Ω–æ–≥–æ –ø–æ—Ä–∞–∂–µ–Ω–∏—è.   üîµ–í –ö—É—Ä—Å–∫–æ–π –∏ –í–æ—Ä–æ–Ω–µ–∂—Å–∫–æ–π –æ–±–ª–∞—Å—Ç—è—Ö –ø—Ä–æ—à–ª–∏ –ª–µ–¥—è–Ω—ã–µ –¥–æ–∂–¥–∏.  üîµ–ù—É –∞ –Ω–∞ –ö–∞–º—á–∞—Ç–∫–µ —Å—Ä–∞–∑—É –¥–≤–∞ –≤—É–ª–∫–∞–Ω–∞ –ø—Ä–æ—Å–Ω—É–ª–∏—Å—å.,-1.0,-1.0,-1.0,-1.0,-1.0
91,"–í –ö—Ä–µ–º–ª–µ –ø–æ–¥–¥–µ—Ä–∂–∏–≤–∞—é—Ç –Ω–∞—Å—Ç—Ä–æ–π –Ω–∞ —Ç–æ, —á—Ç–æ –Ω—É–∂–Ω–æ –≤ —Ü–µ–ª–æ–º –æ—Å–≤–æ–±–æ–∂–¥–∞—Ç—å –£–∫—Ä–∞–∏–Ω—É –æ—Ç –≤—Å–µ–≤–æ–∑–º–æ–∂–Ω—ã—Ö –ø—Ä–æ—è–≤–ª–µ–Ω–∏–π –Ω–µ–æ–Ω–∞—Ü–∏—Å—Å–∫–∏—Ö –Ω–∞—Å—Ç—Ä–æ–µ–Ω–∏–π, —ç—Ç–æ –Ω–µ–æ–±—Ö–æ–¥–∏–º–æ.",-1.0,-1.0,-1.0,-1.0,-1.0
92,"üôÑ–ü–∞–ø–∞ —Ä–∏–º—Å–∫–∏–π –§—Ä–∞–Ω—Ü–∏—Å–∫ –ø—É—Å—Ç–∏–ª —Å–ª–µ–∑—É, –∫–æ–≥–¥–∞ —É–ø–æ–º—è–Ω—É–ª –£–∫—Ä–∞–∏–Ω—É –≤–æ –≤—Ä–µ–º—è –º–æ–ª–∏—Ç–≤—ã –≤ –†–∏–º–µ",-1.0,-1.0,-1.0,-1.0,-1.0
93,"–†–∞–∑–≥–æ–≤–æ—Ä —Å –í–ª–∞–¥–ª–µ–Ω–æ–º –¢–∞—Ç–∞—Ä—Å–∫–∏–º –æ –≤–æ–π–Ω–µ 22-–≥–æ–¥–∞, ¬´—Ö–æ—Ö–ª–∞—Ö-–ø–µ—Ç—É—Ö–∞—Ö¬ª –∏ –ø—Ä–æ—á–∏—Ö —Ç–æ–Ω–∫–æ—Å—Ç—è—Ö —Å–µ–≥–æ–¥–Ω—è—à–Ω–µ–π —Å–∏—Ç—É–∞—Ü–∏–∏.  @elpicahielo  https://m.youtube.com/watch?v=DXVfyHzL970&feature=youtu.be",-1.0,-1.0,-1.0,-1.0,-1.0
94,"–ü–ª–µ–Ω–Ω—ã–µ –≤—Å—É—à–Ω–∏–∫–∏ –∂–∞–ª—É—é—Ç—Å—è, —á—Ç–æ –Ω–µ—Å—É—Ç —Ç—è–∂—ë–ª—ã–µ –ø–æ—Ç–µ—Ä–∏.",-1.0,-1.0,-1.0,-1.0,-1.0
95,–ö–∞–∫ –≥–ª—è–Ω–µ—Ü –ø—Ä–∏—à—ë–ª –≤ –†–æ—Å—Å–∏—é   –ü–µ—Ä–≤—ã–º –Ω–æ–º–µ—Ä–æ–º –∑–∞–ø–∞–¥–Ω–æ–≥–æ –≥–ª—è–Ω—Ü–∞ –≤ –†–æ—Å—Å–∏–∏ —Å—Ç–∞–ª Cosmopolitan –≤ –º–∞–µ 1994 –≥–æ–¥–∞ —Å –°–∏–Ω–¥–∏ –ö—Ä–æ—É—Ñ–æ—Ä–¥ –Ω–∞ –æ–±–ª–æ–∂–∫–µ.,0.0,0.0,0.0,1.0,0.0
96,‚ö°Ô∏è–ó–∞–ø—Ä–æ—Å—ã –ª—é–¥–µ–π –¥–æ–ª–∂–Ω—ã –Ω–∞–π—Ç–∏ –æ—Ç—Ä–∞–∂–µ–Ω–∏–µ –≤ —Ñ–µ–¥–µ—Ä–∞–ª—å–Ω–æ–º –±—é–¥–∂–µ—Ç–µ –Ω–∞ –±–ª–∏–∂–∞–π—à—É—é —Ç—Ä–µ—Ö–ª–µ—Ç–∫—É ‚Äî –ü—É—Ç–∏–Ω,0.0,0.0,0.0,0.0,0.0
97,"–°–Ω—è—Ç–∏–µ –æ–≥—Ä–∞–Ω–∏—á–µ–Ω–∏–π –º–æ–∂–µ—Ç –ø—Ä–∏–≤–µ—Å—Ç–∏ –∫ –Ω–µ—Å–∫–æ–ª—å–∫–∏–º —Å–ª—É—á–∞—è–º —Å—É–ø–µ—Ä—Ä–∞—Å–ø—Ä–æ—Å—Ç—Ä–∞–Ω–µ–Ω–∏—è –∫–æ—Ä–æ–Ω–∞–≤–∏—Ä—É—Å–∞, –∫–æ–≥–¥–∞ –æ–¥–∏–Ω —á–µ–ª–æ–≤–µ–∫ –∑–∞—Ä–∞–∂–∞–µ—Ç —Å—Ä–∞–∑—É –º–Ω–æ–≥–æ –ª—é–¥–µ–π.",0.0,0.0,1.0,1.0,0.0
98,"–ï—Å–ª–∏ –±—ã –ø—Ç–∏—Ü–∞ –ª–µ—Ç–µ–ª–∞ –∂–æ–ø–æ–π –≤–ø–µ—Ä—ë–¥, —Ö–æ—Ö–ª—ã –±—ã —Å–∫–∞–∑–∞–ª–∏, —á—Ç–æ –ø—Ä–æ—Å—Ç–æ –≤–µ—Ç–µ—Ä —Å–∏–ª—å–Ω—ã–π.",1.0,1.0,1.0,1.0,1.0
99,"–•–æ—á—É –ø—Ä–∏–≤–ª–µ—á—å –≤–Ω–∏–º–∞–Ω–∏–µ –∫ —á—ë—Ç–∫–æ–º—É –∞–Ω–∞–ª–∏–∑—É –Ω—ã–Ω–µ—à–Ω–µ–π –º–µ–∂–¥—É–Ω–∞—Ä–æ–¥–Ω–æ–π –æ–±—Å—Ç–∞–Ω–æ–≤–∫–∏ –∞–∫–∞–¥–µ–º–∏–∫–∞ –ê–ª–µ–∫—Å–∞–Ω–¥—Ä–∞ –û–≥–∞–Ω–æ–≤–∏—á–∞ –ß—É–±–∞—Ä—å—è–Ω–∞, –æ–ø—É–±–ª–∏–∫–æ–≤–∞–Ω–Ω–æ–º—É –≤ –∂—É—Ä–Ω–∞–ª–µ ""–ò—Å—Ç–æ—Ä–∏–∫"".",0.0,0.0,1.0,0.0,0.0
